epoch,acc,loss,lr,val_acc,val_loss
0,0.56983240196824736,2.1536751499389135,0.0010000000475,0.025723472572982888,15.533661938940213
1,0.62085661053435537,1.7868184213975733,0.0010000000475,0.21704179949315797,4.2345577022270371
2,0.66108007457669216,1.5744323585286486,0.0010000000475,0.14308681818162514,5.8202667514227597
3,0.68789571723458487,1.4125703130576419,0.0010000000475,0.48713825920363141,2.8998092175296648
4,0.67262569801323457,1.3454647971265143,0.0010000000475,0.54340836062572206,2.0064285864209057
5,0.69944134067112729,1.2378085855887144,0.0010000000475,0.46623794220603548,2.0537067869276862
