epoch,acc,loss,lr,val_acc,val_loss
0,0.47632000000000002,1.9642871554946899,0.0010000000475,0.55089999999999995,1.6675219791412355
1,0.60226000000000002,1.4791149898147582,0.0010000000475,0.65990000000000004,1.3180779371261597
